id,subdistrictId,code,name
vill-1401011011,subd-140101,1401011011,"Bangkinang (Bangkinang Kota)"
vill-1401011013,subd-140101,1401011013,"Langgini Sialang (Langgini)"
vill-1401012009,subd-140101,1401012009,"Kumantan"
vill-1401012010,subd-140101,1401012010,"Rindan Permai (Ridan Permai)"
vill-1401021027,subd-140102,1401021027,"Air Tiris"
vill-1401022001,subd-140102,1401022001,"Batu Belah"
vill-1401022003,subd-140102,1401022003,"Tanjung Berulak"
vill-1401022006,subd-140102,1401022006,"Ranah"
vill-1401022007,subd-140102,1401022007,"Penyasawan"
vill-1401022008,subd-140102,1401022008,"Rumbio"
vill-1401022013,subd-140102,1401022013,"Padang Mutung"
vill-1401022023,subd-140102,1401022023,"Pulau Jambu"
vill-1401022024,subd-140102,1401022024,"Tanjung Rambutan"
vill-1401022025,subd-140102,1401022025,"Simpang Kubu"
vill-1401022028,subd-140102,1401022028,"Limau Manis"
vill-1401022030,subd-140102,1401022030,"Naumbai"
vill-1401022031,subd-140102,1401022031,"Pulau Tinggi"
vill-1401022032,subd-140102,1401022032,"Ranah Baru"
vill-1401022033,subd-140102,1401022033,"Bukit Ranah"
vill-1401022034,subd-140102,1401022034,"Pulau Sarak"
vill-1401022035,subd-140102,1401022035,"Koto Tibun"
vill-1401022036,subd-140102,1401022036,"Ranah Singkuang"
vill-1401032001,subd-140103,1401032001,"Tambang"
vill-1401032002,subd-140103,1401032002,"Kuapan"
vill-1401032003,subd-140103,1401032003,"Gobah"
vill-1401032004,subd-140103,1401032004,"Teluk Kenidai"
vill-1401032005,subd-140103,1401032005,"Aursati"
vill-1401032006,subd-140103,1401032006,"Padang Luas"
vill-1401032007,subd-140103,1401032007,"Terantang"
vill-1401032008,subd-140103,1401032008,"Kualu"
vill-1401032009,subd-140103,1401032009,"Rimba/Rimbo Panjang"
vill-1401032010,subd-140103,1401032010,"Parit Baru"
vill-1401032011,subd-140103,1401032011,"Kemang Indah"
vill-1401032012,subd-140103,1401032012,"Kualu Nenas"
vill-1401032013,subd-140103,1401032013,"Tarai Bangun"
vill-1401032014,subd-140103,1401032014,"Sei/Sungai Pinang"
vill-1401032015,subd-140103,1401032015,"Balam Jaya"
vill-1401032016,subd-140103,1401032016,"Pulaupermai (Pulau Permai)"
vill-1401032017,subd-140103,1401032017,"Palungraya (Palung Raya)"
vill-1401041018,subd-140104,1401041018,"Batu Bersurat"
vill-1401042004,subd-140104,1401042004,"Gunung Bungsu"
vill-1401042005,subd-140104,1401042005,"Koto Tuo"
vill-1401042006,subd-140104,1401042006,"Balung"
vill-1401042007,subd-140104,1401042007,"Muara Takus"
vill-1401042010,subd-140104,1401042010,"Pulau Gadang"
vill-1401042011,subd-140104,1401042011,"Tanjung Alai"
vill-1401042012,subd-140104,1401042012,"Ranah Sungkai"
vill-1401042013,subd-140104,1401042013,"Lubuk Agung"
vill-1401042014,subd-140104,1401042014,"Koto Mesjid"
vill-1401042016,subd-140104,1401042016,"Pongkai Istiqomah"
vill-1401042017,subd-140104,1401042017,"Binamang"
vill-1401042019,subd-140104,1401042019,"Koto Tuo Barat"
vill-1401052001,subd-140105,1401052001,"Kuok"
vill-1401052005,subd-140105,1401052005,"Merangin"
vill-1401052006,subd-140105,1401052006,"Empat Balai"
vill-1401052007,subd-140105,1401052007,"Pulau Jambu"
vill-1401052008,subd-140105,1401052008,"Silam"
vill-1401052010,subd-140105,1401052010,"Bukit Melintang"
vill-1401052011,subd-140105,1401052011,"Pulau Terap (Pulautarap)"
vill-1401052012,subd-140105,1401052012,"Lereng"
vill-1401052013,subd-140105,1401052013,"Batulangka Kecil"
vill-1401062001,subd-140106,1401062001,"Pangkalan Baru"
vill-1401062002,subd-140106,1401062002,"Desa Baru"
vill-1401062003,subd-140106,1401062003,"Teratak Buluh"
vill-1401062005,subd-140106,1401062005,"Lubuk Siam"
vill-1401062006,subd-140106,1401062006,"Buluh Cina"
vill-1401062007,subd-140106,1401062007,"Buluh Nipis"
vill-1401062011,subd-140106,1401062011,"Tanah Merah"
vill-1401062012,subd-140106,1401062012,"Pandau Jaya"
vill-1401062013,subd-140106,1401062013,"Tanjung Balam"
vill-1401062014,subd-140106,1401062014,"Kepau Jaya"
vill-1401062015,subd-140106,1401062015,"Pangkalan Serik"
vill-1401062016,subd-140106,1401062016,"Kubang Jaya"
vill-1401071027,subd-140107,1401071027,"Lipat Kain"
vill-1401072003,subd-140107,1401072003,"Kuntu"
vill-1401072004,subd-140107,1401072004,"Padang Sawah"
vill-1401072005,subd-140107,1401072005,"Domo"
vill-1401072006,subd-140107,1401072006,"IV Koto Setingkai"
vill-1401072008,subd-140107,1401072008,"Teluk Paman"
vill-1401072013,subd-140107,1401072013,"Sungai Geringging"
vill-1401072016,subd-140107,1401072016,"Sungai Paku"
vill-1401072019,subd-140107,1401072019,"Muara Selayah (Muara Selaya)"
vill-1401072020,subd-140107,1401072020,"Sungai Rambai"
vill-1401072021,subd-140107,1401072021,"Tanjung Harapan"
vill-1401072023,subd-140107,1401072023,"Sungai Raja"
vill-1401072026,subd-140107,1401072026,"Sungai Sarik"
vill-1401072028,subd-140107,1401072028,"Lipat Kain Utara"
vill-1401072029,subd-140107,1401072029,"Lipat Kain Selatan"
vill-1401072030,subd-140107,1401072030,"Kuntu Darussalam"
vill-1401072031,subd-140107,1401072031,"Tanjungmas (Tanjung Mas)"
vill-1401072032,subd-140107,1401072032,"Sungai Harapan"
vill-1401072033,subd-140107,1401072033,"Sungailiti (Sungai Liti)"
vill-1401072034,subd-140107,1401072034,"Telukpaman Timur (Teluk Paman Timur)"
vill-1401081001,subd-140108,1401081001,"Sungai Pagar"
vill-1401082002,subd-140108,1401082002,"Mentulik"
vill-1401082003,subd-140108,1401082003,"Sungai Simpang Dua"
vill-1401082004,subd-140108,1401082004,"Sungai Bunga/Bungo"
vill-1401082005,subd-140108,1401082005,"Rantau Kasih"
vill-1401082006,subd-140108,1401082006,"Sungai Petai"
vill-1401082007,subd-140108,1401082007,"Gading Permai"
vill-1401082008,subd-140108,1401082008,"Bangun Sari"
vill-1401092001,subd-140109,1401092001,"Gema"
vill-1401092002,subd-140109,1401092002,"Tanjung Belit"
vill-1401092003,subd-140109,1401092003,"Tanjung Belit Selatan"
vill-1401092004,subd-140109,1401092004,"Koto Lama (Kota Lama)"
vill-1401092005,subd-140109,1401092005,"Batu Sanggan"
vill-1401092006,subd-140109,1401092006,"Aur Kuning"
vill-1401092007,subd-140109,1401092007,"Ludai"
vill-1401092008,subd-140109,1401092008,"Tanjung Karang"
vill-1401092009,subd-140109,1401092009,"Batu Sasak"
vill-1401092010,subd-140109,1401092010,"Pangkalan Kapas"
vill-1401092011,subd-140109,1401092011,"Kebun Tinggi"
vill-1401092012,subd-140109,1401092012,"Tanjung Beringin"
vill-1401092013,subd-140109,1401092013,"Gajah Bertalut"
vill-1401092014,subd-140109,1401092014,"Danau Sontul"
vill-1401092015,subd-140109,1401092015,"Pangkalan Serai"
vill-1401092016,subd-140109,1401092016,"Dua Sepakat"
vill-1401092017,subd-140109,1401092017,"Terusan"
vill-1401092018,subd-140109,1401092018,"Deras Tajak"
vill-1401092019,subd-140109,1401092019,"Sungai Santi"
vill-1401092020,subd-140109,1401092020,"Subayang Jaya"
vill-1401092021,subd-140109,1401092021,"Tanjung Permai"
vill-1401092022,subd-140109,1401092022,"Bukitbetung (Bukit Betung)"
vill-1401092023,subd-140109,1401092023,"Muarobio"
vill-1401092024,subd-140109,1401092024,"Lubuk Bingau"
vill-1401102001,subd-140110,1401102001,"Petapahan"
vill-1401102002,subd-140110,1401102002,"Pantai Cermin"
vill-1401102003,subd-140110,1401102003,"Patahapan Jaya (Petapahan Jaya)"
vill-1401102004,subd-140110,1401102004,"Mukti Sari"
vill-1401102005,subd-140110,1401102005,"Sei/Sungai Putih"
vill-1401102006,subd-140110,1401102006,"Indra Sakti"
vill-1401102007,subd-140110,1401102007,"Gading Sari"
vill-1401102008,subd-140110,1401102008,"Sumber Makmur"
vill-1401102009,subd-140110,1401102009,"Pancuran Gading"
vill-1401102010,subd-140110,1401102010,"Sari Galuh"
vill-1401102011,subd-140110,1401102011,"Tri Manunggal"
vill-1401102012,subd-140110,1401102012,"Air Terbit"
vill-1401102013,subd-140110,1401102013,"Tanjung Sawit"
vill-1401102014,subd-140110,1401102014,"Pagaruyung"
vill-1401102015,subd-140110,1401102015,"Sibuak"
vill-1401102016,subd-140110,1401102016,"Pelambayan (Pelambaian)"
vill-1401102017,subd-140110,1401102017,"Kinantan/Kenantan"
vill-1401102018,subd-140110,1401102018,"Indrapuri"
vill-1401102019,subd-140110,1401102019,"Sei/Sungai Lembu Makmur"
vill-1401102020,subd-140110,1401102020,"Muara Mahat Baru"
vill-1401102021,subd-140110,1401102021,"Karya Indah"
vill-1401102022,subd-140110,1401102022,"Kijang Rejo"
vill-1401102023,subd-140110,1401102023,"Sei/Sungai Agung"
vill-1401102024,subd-140110,1401102024,"Bencah Kelubi"
vill-1401102025,subd-140110,1401102025,"Batugajah (Batu Gajah)"
vill-1401112001,subd-140111,1401112001,"Koto Garo (Kota Garo)"
vill-1401112002,subd-140111,1401112002,"Sikijang/Sekijang"
vill-1401112003,subd-140111,1401112003,"Beringin Lestari"
vill-1401112004,subd-140111,1401112004,"Kota/Koto Bangun"
vill-1401112005,subd-140111,1401112005,"Cinta Damai"
vill-1401112006,subd-140111,1401112006,"Suka Maju"
vill-1401112007,subd-140111,1401112007,"Kota Baru"
vill-1401112008,subd-140111,1401112008,"Tebing Lestari"
vill-1401112009,subd-140111,1401112009,"Tanah Tinggi"
vill-1401112010,subd-140111,1401112010,"Koto Aman"
vill-1401112011,subd-140111,1401112011,"Tapung Lestari"
vill-1401112012,subd-140111,1401112012,"Tapung Makmur"
vill-1401112013,subd-140111,1401112013,"Tandan Sari"
vill-1401112014,subd-140111,1401112014,"Gerbang Sari"
vill-1401112015,subd-140111,1401112015,"Kijang Jaya"
vill-1401112016,subd-140111,1401112016,"Kijang Makmur"
vill-1401122001,subd-140112,1401122001,"Senama Nenek (Sinama Nenek)"
vill-1401122002,subd-140112,1401122002,"Kasikan"
vill-1401122003,subd-140112,1401122003,"Bukit Kemuning"
vill-1401122004,subd-140112,1401122004,"Danau Lancang"
vill-1401122005,subd-140112,1401122005,"Muara Intan"
vill-1401122006,subd-140112,1401122006,"Intan Jaya"
vill-1401122007,subd-140112,1401122007,"Tanah Datar"
vill-1401122008,subd-140112,1401122008,"Rimba Jaya"
vill-1401122009,subd-140112,1401122009,"Rimba Makmur"
vill-1401122010,subd-140112,1401122010,"Rimba Beringin"
vill-1401122011,subd-140112,1401122011,"Sukaramai"
vill-1401122012,subd-140112,1401122012,"Sumber Sari"
vill-1401122013,subd-140112,1401122013,"Kusau Makmur"
vill-1401122014,subd-140112,1401122014,"Talang Danto"
vill-1401132001,subd-140113,1401132001,"Salo"
vill-1401132002,subd-140113,1401132002,"Siabu"
vill-1401132003,subd-140113,1401132003,"Salo Timur"
vill-1401132004,subd-140113,1401132004,"Sipungguk/Sepungguk"
vill-1401132005,subd-140113,1401132005,"Ganting Damai"
vill-1401132006,subd-140113,1401132006,"Ganting"
vill-1401142001,subd-140114,1401142001,"Pulau Payung"
vill-1401142002,subd-140114,1401142002,"Teratak"
vill-1401142003,subd-140114,1401142003,"Alam Panjang"
vill-1401142004,subd-140114,1401142004,"Bukit Keratai (Bukit Kratai)"
vill-1401142005,subd-140114,1401142005,"Batang Betindah (Batang Batindih)"
vill-1401142006,subd-140114,1401142006,"Tambusai"
vill-1401142007,subd-140114,1401142007,"Simpang Petai"
vill-1401151007,subd-140115,1401151007,"Pulau"
vill-1401151008,subd-140115,1401151008,"Pasir Sialang"
vill-1401152001,subd-140115,1401152001,"Pulau Lawas"
vill-1401152002,subd-140115,1401152002,"Muara Uwai"
vill-1401152003,subd-140115,1401152003,"Laboy Jaya (Laboi Jaya)"
vill-1401152004,subd-140115,1401152004,"Bukitpayung (Bukit Payung)"
vill-1401152005,subd-140115,1401152005,"Suka Mulya"
vill-1401152006,subd-140115,1401152006,"Bukit Sembilan"
vill-1401152009,subd-140115,1401152009,"Binuang"
vill-1401162001,subd-140116,1401162001,"Kampung Pinang"
vill-1401162002,subd-140116,1401162002,"Pantai Raja"
vill-1401162003,subd-140116,1401162003,"Hangtuah"
vill-1401162004,subd-140116,1401162004,"Sialang Kubang"
vill-1401162005,subd-140116,1401162005,"Lubuk Sakat"
vill-1401172001,subd-140117,1401172001,"Pulau Birandang"
vill-1401172002,subd-140117,1401172002,"Pulau Rambai"
vill-1401172003,subd-140117,1401172003,"Kampar"
vill-1401172004,subd-140117,1401172004,"Koto Perambahan"
vill-1401172005,subd-140117,1401172005,"Sei/Sungai Putih"
vill-1401172006,subd-140117,1401172006,"Deli Makmur"
vill-1401172007,subd-140117,1401172007,"Sungaitarap (Sungai Tarap)"
vill-1401172008,subd-140117,1401172008,"Tanjungbungo (Tanjung Bungo)"
vill-1401172009,subd-140117,1401172009,"Sawahbaru (Sawah Baru)"
vill-1401182001,subd-140118,1401182001,"Muara Jalai"
vill-1401182002,subd-140118,1401182002,"Sawah"
vill-1401182003,subd-140118,1401182003,"Kampung Panjang (Air Tiris)"
vill-1401182004,subd-140118,1401182004,"Kayu Aro"
vill-1401182005,subd-140118,1401182005,"Sei/Sungai Tonang"
vill-1401182006,subd-140118,1401182006,"Sei/Sungai Jalau"
vill-1401182007,subd-140118,1401182007,"Sendayan"
vill-1401182008,subd-140118,1401182008,"Naga Beralih"
vill-1401192001,subd-140119,1401192001,"Simalinyang"
vill-1401192002,subd-140119,1401192002,"Bina Baru"
vill-1401192003,subd-140119,1401192003,"Hidup Baru"
vill-1401192004,subd-140119,1401192004,"Karya Bakti/Bhakti"
vill-1401192005,subd-140119,1401192005,"Lubuk Sakai"
vill-1401192006,subd-140119,1401192006,"Penghidupan"
vill-1401192007,subd-140119,1401192007,"Mayang Pongkai"
vill-1401192008,subd-140119,1401192008,"Koto Damai"
vill-1401192009,subd-140119,1401192009,"Utama Karya"
vill-1401192010,subd-140119,1401192010,"Bukit Sakai"
vill-1401192011,subd-140119,1401192011,"Mekar Jaya"
vill-1401202001,subd-140120,1401202001,"Kebun Durian"
vill-1401202002,subd-140120,1401202002,"Gunung Sahilan"
vill-1401202003,subd-140120,1401202003,"Gunung Sari"
vill-1401202004,subd-140120,1401202004,"Suka Makmur"
vill-1401202005,subd-140120,1401202005,"Subarak"
vill-1401202006,subd-140120,1401202006,"Sungai Lipai"
vill-1401202007,subd-140120,1401202007,"Sahilan Darussalam"
vill-1401202008,subd-140120,1401202008,"Gunung Mulya"
vill-1401202009,subd-140120,1401202009,"Makmur Sejahtera"
vill-1401212001,subd-140121,1401212001,"Siberuang"
vill-1401212002,subd-140121,1401212002,"Bandur Picak"
vill-1401212003,subd-140121,1401212003,"Gunung Malelo"
vill-1401212004,subd-140121,1401212004,"Tabing"
vill-1401212005,subd-140121,1401212005,"Pongkai"
vill-1401212006,subd-140121,1401212006,"Tanjung"
vill-1405011010,subd-140501,1405011010,"Ukui I (Satu)"
vill-1405012001,subd-140501,1405012001,"Air Hitam"
vill-1405012002,subd-140501,1405012002,"Air Emas"
vill-1405012003,subd-140501,1405012003,"Bukit Gajah"
vill-1405012004,subd-140501,1405012004,"Bukit Jaya"
vill-1405012005,subd-140501,1405012005,"Kampung Baru"
vill-1405012006,subd-140501,1405012006,"Lubuk Kembang Bunga"
vill-1405012007,subd-140501,1405012007,"Lubuk Kembang Sari"
vill-1405012008,subd-140501,1405012008,"Silikuan Hulu"
vill-1405012009,subd-140501,1405012009,"Tri Mulya Jaya"
vill-1405012011,subd-140501,1405012011,"Ukui II (Dua)"
vill-1405012012,subd-140501,1405012012,"Bagan Limau"
vill-1405021007,subd-140502,1405021007,"Pangkalan Kerinci Barat"
vill-1405021008,subd-140502,1405021008,"Pangkalan Kerinci Kota"
vill-1405021009,subd-140502,1405021009,"Pangkalan Kerinci Timur Agung"
vill-1405022001,subd-140502,1405022001,"Mekar Jaya"
vill-1405022002,subd-140502,1405022002,"Kuala Terusan"
vill-1405022003,subd-140502,1405022003,"Makmur"
vill-1405022005,subd-140502,1405022005,"Rantau Baru"
vill-1405031001,subd-140503,1405031001,"Sorek I (Sorek Satu)"
vill-1405032002,subd-140503,1405032002,"Sorek II (Sorek Dua)"
vill-1405032003,subd-140503,1405032003,"Dundangan"
vill-1405032004,subd-140503,1405032004,"Palas"
vill-1405032005,subd-140503,1405032005,"Terantang Manuk"
vill-1405032006,subd-140503,1405032006,"Kemang"
vill-1405032007,subd-140503,1405032007,"Talau"
vill-1405032008,subd-140503,1405032008,"Tanjung Beringin"
vill-1405032009,subd-140503,1405032009,"Betung"
vill-1405032010,subd-140503,1405032010,"Kesuma"
vill-1405032011,subd-140503,1405032011,"Surya Indah"
vill-1405032012,subd-140503,1405032012,"Sialang Indah"
vill-1405032013,subd-140503,1405032013,"Beringin Indah"
vill-1405032014,subd-140503,1405032014,"Meranti"
vill-1405032015,subd-140503,1405032015,"Harapan Jaya"
vill-1405032016,subd-140503,1405032016,"Batang Kulim"
vill-1405032017,subd-140503,1405032017,"Sidomukti"
vill-1405041001,subd-140504,1405041001,"Pangkalan Lesung"
vill-1405042002,subd-140504,1405042002,"Dusun Tua"
vill-1405042003,subd-140504,1405042003,"Genduang"
vill-1405042004,subd-140504,1405042004,"Mayang Sari"
vill-1405042005,subd-140504,1405042005,"Rawang Sari"
vill-1405042006,subd-140504,1405042006,"Mulya Subur (Mulia Subur / Mulyasubur)"
vill-1405042007,subd-140504,1405042007,"Sari Mulya (Sari Mulia / Sarimulya)"
vill-1405042008,subd-140504,1405042008,"Sari Makmur"
vill-1405042009,subd-140504,1405042009,"Tanjung Kuyo"
vill-1405042010,subd-140504,1405042010,"Pesaguan"
vill-1405051001,subd-140505,1405051001,"Langgam"
vill-1405052002,subd-140505,1405052002,"Tambak"
vill-1405052003,subd-140505,1405052003,"Penarikan"
vill-1405052004,subd-140505,1405052004,"Segati"
vill-1405052005,subd-140505,1405052005,"Sotol"
vill-1405052006,subd-140505,1405052006,"Pangkalan Gondai"
vill-1405052007,subd-140505,1405052007,"Langkan"
vill-1405052008,subd-140505,1405052008,"Padang Luas"
vill-1405061001,subd-140506,1405061001,"Pelalawan"
vill-1405062002,subd-140506,1405062002,"Sungai Ara"
vill-1405062003,subd-140506,1405062003,"Ransang"
vill-1405062004,subd-140506,1405062004,"Kuala Tolam"
vill-1405062005,subd-140506,1405062005,"Sering"
vill-1405062006,subd-140506,1405062006,"Telayap"
vill-1405062007,subd-140506,1405062007,"Batang Nilo Kecil"
vill-1405062008,subd-140506,1405062008,"Delik"
vill-1405062010,subd-140506,1405062010,"Lalang Kabung"
vill-1405071001,subd-140507,1405071001,"Kerumutan"
vill-1405072002,subd-140507,1405072002,"Pangkalan Panduk"
vill-1405072003,subd-140507,1405072003,"Pangkalan Tampoi/Tampui"
vill-1405072004,subd-140507,1405072004,"Bukit Lembah Subur"
vill-1405072005,subd-140507,1405072005,"Banjar Panjang"
vill-1405072006,subd-140507,1405072006,"Beringin Makmur"
vill-1405072007,subd-140507,1405072007,"Pematang Tinggi"
vill-1405072008,subd-140507,1405072008,"Tanjung Air Hitam"
vill-1405072009,subd-140507,1405072009,"Mak Teduh"
vill-1405072010,subd-140507,1405072010,"Lipai Bulan"
vill-1405081011,subd-140508,1405081011,"Pangkalan Bunut Terap (Pangkalan Bunut)"
vill-1405082001,subd-140508,1405082001,"Petani"
vill-1405082002,subd-140508,1405082002,"Merbau"
vill-1405082003,subd-140508,1405082003,"Sungai Buluh"
vill-1405082008,subd-140508,1405082008,"Lubuk Mas"
vill-1405082009,subd-140508,1405082009,"Balam Merah"
vill-1405082010,subd-140508,1405082010,"Bagan Labah (Bagan Laguh)"
vill-1405082013,subd-140508,1405082013,"Lubuk Mandian Gajah"
vill-1405082017,subd-140508,1405082017,"Keriung"
vill-1405082018,subd-140508,1405082018,"Sialang Kayu Batu"
vill-1405091001,subd-140509,1405091001,"Teluk Meranti"
vill-1405092002,subd-140509,1405092002,"Kuala Panduk"
vill-1405092003,subd-140509,1405092003,"Petodaan"
vill-1405092004,subd-140509,1405092004,"Teluk Binjai"
vill-1405092005,subd-140509,1405092005,"Pulau Muda"
vill-1405092006,subd-140509,1405092006,"Gambut Mutiara"
vill-1405092007,subd-140509,1405092007,"Labuhan Bilik"
vill-1405092008,subd-140509,1405092008,"Pangkalan Terap"
vill-1405092009,subd-140509,1405092009,"Segamai"
vill-1405101001,subd-140510,1405101001,"Teluk Dalam"
vill-1405102002,subd-140510,1405102002,"Tanjung Sum"
vill-1405102003,subd-140510,1405102003,"Sungai Solok"
vill-1405102004,subd-140510,1405102004,"Sungai Upih"
vill-1405102005,subd-140510,1405102005,"Teluk"
vill-1405102006,subd-140510,1405102006,"Serapung"
vill-1405102007,subd-140510,1405102007,"Teluk Beringin"
vill-1405102008,subd-140510,1405102008,"Sokoi"
vill-1405102009,subd-140510,1405102009,"Sungai Mas"
vill-1405102010,subd-140510,1405102010,"Teluk Bakau"
vill-1405111001,subd-140511,1405111001,"Sei Kijang"
vill-1405112002,subd-140511,1405112002,"Lubuk Ogung"
vill-1405112003,subd-140511,1405112003,"Simpang Beringin"
vill-1405112004,subd-140511,1405112004,"Muda Setia"
vill-1405112005,subd-140511,1405112005,"Kiab Jaya"
vill-1405121002,subd-140512,1405121002,"Rawang Empat"
vill-1405122001,subd-140512,1405122001,"Kuala Semundam"
vill-1405122003,subd-140512,1405122003,"Tambun"
vill-1405122004,subd-140512,1405122004,"Terbangiang"
vill-1405122005,subd-140512,1405122005,"Lubuk Terap"
vill-1405122006,subd-140512,1405122006,"Angkasa"
vill-1405122007,subd-140512,1405122007,"Sialang Godang"
vill-1405122008,subd-140512,1405122008,"Lubuk Raja"
vill-1405122009,subd-140512,1405122009,"Lubuk Keranji Timur"
vill-1405122010,subd-140512,1405122010,"Airterjun (Air Terjun)"
vill-1405122011,subd-140512,1405122011,"Sialang Bungkuk"
vill-1406011001,subd-140601,1406011001,"Ujung Batu"
vill-1406012002,subd-140601,1406012002,"Suka Damai"
vill-1406012003,subd-140601,1406012003,"Ngaso"
vill-1406012004,subd-140601,1406012004,"Ujung Batu Timur"
vill-1406012005,subd-140601,1406012005,"Pematang Tebih"
vill-1406021001,subd-140602,1406021001,"Rokan"
vill-1406022002,subd-140602,1406022002,"Cipang Kanan"
vill-1406022003,subd-140602,1406022003,"Cipang Kiri Hulu"
vill-1406022004,subd-140602,1406022004,"Cipang Kiri Hilir"
vill-1406022006,subd-140602,1406022006,"Tanjung Medan"
vill-1406022007,subd-140602,1406022007,"Lubuk Bendahara Timur"
vill-1406022008,subd-140602,1406022008,"Lubuk Bendahara"
vill-1406022010,subd-140602,1406022010,"Sikebau Jaya"
vill-1406022013,subd-140602,1406022013,"Rokan Koto Ruang"
vill-1406022014,subd-140602,1406022014,"Rokan Timur"
vill-1406022016,subd-140602,1406022016,"Lubuk Betung"
vill-1406022017,subd-140602,1406022017,"Pemandang"
vill-1406022018,subd-140602,1406022018,"Alahan"
vill-1406022019,subd-140602,1406022019,"Tibawan"
vill-1406031001,subd-140603,1406031001,"Pasir Pengarayan"
vill-1406032002,subd-140603,1406032002,"Rambah Tengah Utara"
vill-1406032003,subd-140603,1406032003,"Rambah Tengah Hilir"
vill-1406032004,subd-140603,1406032004,"Rambah Tengah Hulu"
vill-1406032005,subd-140603,1406032005,"Rambah Tengah Barat"
vill-1406032006,subd-140603,1406032006,"Menaming"
vill-1406032007,subd-140603,1406032007,"Pasir Baru"
vill-1406032008,subd-140603,1406032008,"Sialang Jaya"
vill-1406032009,subd-140603,1406032009,"Tanjung Belit"
vill-1406032010,subd-140603,1406032010,"Koto Tinggi"
vill-1406032011,subd-140603,1406032011,"Suka Maju"
vill-1406032012,subd-140603,1406032012,"Pemalang Berangan (Pematang Berangan)"
vill-1406032013,subd-140603,1406032013,"Babussalam"
vill-1406032014,subd-140603,1406032014,"Pasir Maju"
vill-1406041001,subd-140604,1406041001,"Tambusai Tengah"
vill-1406042002,subd-140604,1406042002,"Tambusai Barat"
vill-1406042003,subd-140604,1406042003,"Tambusai Timur"
vill-1406042004,subd-140604,1406042004,"Batas"
vill-1406042005,subd-140604,1406042005,"Talikumain (Tali Kumain)"
vill-1406042006,subd-140604,1406042006,"Rantau Panjang"
vill-1406042007,subd-140604,1406042007,"Sungai Komango (Sungai Kumango)"
vill-1406042008,subd-140604,1406042008,"Batang Kumu"
vill-1406042009,subd-140604,1406042009,"Sialang Rindang"
vill-1406042010,subd-140604,1406042010,"Suka Maju"
vill-1406042011,subd-140604,1406042011,"Lubuk Soting"
vill-1406042012,subd-140604,1406042012,"Tingkok"
vill-1406051001,subd-140605,1406051001,"Kepenuhantengah (Kepenuhan Tengah)"
vill-1406052003,subd-140605,1406052003,"Kepenuhan Barat"
vill-1406052004,subd-140605,1406052004,"Kepenuhan Hilir"
vill-1406052005,subd-140605,1406052005,"Kepenuhan Timur"
vill-1406052006,subd-140605,1406052006,"Kepenuhan Barat Sei Rokan Jaya"
vill-1406052007,subd-140605,1406052007,"Kepenuhan Raya"
vill-1406052008,subd-140605,1406052008,"Kepenuhan Baru"
vill-1406052009,subd-140605,1406052009,"Kepenuhan Barat Mulya"
vill-1406052010,subd-140605,1406052010,"Ulak Patian"
vill-1406052012,subd-140605,1406052012,"Rantau Binuang Sakti"
vill-1406061001,subd-140606,1406061001,"Kota Lama"
vill-1406062003,subd-140606,1406062003,"Kota Intan"
vill-1406062004,subd-140606,1406062004,"Muara Dilam"
vill-1406062008,subd-140606,1406062008,"Kota Raya"
vill-1406062009,subd-140606,1406062009,"Kota Baru"
vill-1406062010,subd-140606,1406062010,"Sungai Kuti"
vill-1406062011,subd-140606,1406062011,"Pasir Indah"
vill-1406062012,subd-140606,1406062012,"Pasir Luhur"
vill-1406062017,subd-140606,1406062017,"Bukit Intan Makmur"
vill-1406062018,subd-140606,1406062018,"Bagan Tujuh"
vill-1406072001,subd-140607,1406072001,"Rambah Samo"
vill-1406072002,subd-140607,1406072002,"Rambah Samo Barat"
vill-1406072003,subd-140607,1406072003,"Rambah Baru"
vill-1406072004,subd-140607,1406072004,"Rambah Utama"
vill-1406072005,subd-140607,1406072005,"Pasir Makmur"
vill-1406072006,subd-140607,1406072006,"Karya Mulya"
vill-1406072007,subd-140607,1406072007,"Marga Mulya"
vill-1406072008,subd-140607,1406072008,"Langkitan (Langkitin)"
vill-1406072009,subd-140607,1406072009,"Masda Makmur"
vill-1406072010,subd-140607,1406072010,"Lubuk Napai (Lubuk Napal)"
vill-1406072011,subd-140607,1406072011,"Teluk Aur"
vill-1406072012,subd-140607,1406072012,"Sei Salak"
vill-1406072013,subd-140607,1406072013,"Sei Kuning"
vill-1406072014,subd-140607,1406072014,"Lubuk Bilang"
vill-1406082001,subd-140608,1406082001,"Rambah Hilir"
vill-1406082002,subd-140608,1406082002,"Rambah Hilir Tengah"
vill-1406082003,subd-140608,1406082003,"Rambah Hilir Timur"
vill-1406082004,subd-140608,1406082004,"Pasir Utama"
vill-1406082005,subd-140608,1406082005,"Pasir Jaya"
vill-1406082006,subd-140608,1406082006,"Rambah Muda"
vill-1406082007,subd-140608,1406082007,"Sungai Sitolang"
vill-1406082008,subd-140608,1406082008,"Lubuk Krapat/Kerapat"
vill-1406082009,subd-140608,1406082009,"Rambah"
vill-1406082010,subd-140608,1406082010,"Serambau/Serombau Indah"
vill-1406082011,subd-140608,1406082011,"Sungai Dua Indah"
vill-1406082012,subd-140608,1406082012,"Muara Musu"
vill-1406082013,subd-140608,1406082013,"Sejati"
vill-1406092001,subd-140609,1406092001,"Tambusai Utara"
vill-1406092002,subd-140609,1406092002,"Mahato"
vill-1406092003,subd-140609,1406092003,"Bangun Jaya"
vill-1406092004,subd-140609,1406092004,"Simpang Harapan"
vill-1406092005,subd-140609,1406092005,"Pagar Mayang"
vill-1406092006,subd-140609,1406092006,"Payung Sekaki"
vill-1406092007,subd-140609,1406092007,"Mekar Jaya"
vill-1406092008,subd-140609,1406092008,"Tanjung Medan"
vill-1406092009,subd-140609,1406092009,"Suka Damai"
vill-1406092010,subd-140609,1406092010,"Rantau Sakti"
vill-1406092011,subd-140609,1406092011,"Mahato Sakti"
vill-1406102001,subd-140610,1406102001,"Pasir Agung"
vill-1406102002,subd-140610,1406102002,"Pasir Intan"
vill-1406102003,subd-140610,1406102003,"Rambah Jaya"
vill-1406102004,subd-140610,1406102004,"Bangun Purba"
vill-1406102005,subd-140610,1406102005,"Bangun Purba Timur Jaya"
vill-1406102006,subd-140610,1406102006,"Bangun Purba Barat"
vill-1406102007,subd-140610,1406102007,"Tangun"
vill-1406112001,subd-140611,1406112001,"Tandun"
vill-1406112002,subd-140611,1406112002,"Kumain"
vill-1406112003,subd-140611,1406112003,"Bona Tapung (Bono Tapung)"
vill-1406112004,subd-140611,1406112004,"Dayo"
vill-1406112005,subd-140611,1406112005,"Tapung Jaya"
vill-1406112006,subd-140611,1406112006,"Puo Raya"
vill-1406112007,subd-140611,1406112007,"Sei/Sungai Kuning"
vill-1406112008,subd-140611,1406112008,"Koto Tandun"
vill-1406112009,subd-140611,1406112009,"Tandun Barat"
vill-1406122001,subd-140612,1406122001,"Kabun"
vill-1406122002,subd-140612,1406122002,"Aliantan"
vill-1406122003,subd-140612,1406122003,"Kota/Koto Ranah"
vill-1406122004,subd-140612,1406122004,"Bencah/Boncah Kesuma"
vill-1406122005,subd-140612,1406122005,"Batu Langkah Besar"
vill-1406122006,subd-140612,1406122006,"Giti"
vill-1406132001,subd-140613,1406132001,"Teluk Sono"
vill-1406132002,subd-140613,1406132002,"Sontang"
vill-1406132003,subd-140613,1406132003,"Bonai"
vill-1406132004,subd-140613,1406132004,"Rawa Makmur"
vill-1406132005,subd-140613,1406132005,"Pauh"
vill-1406132006,subd-140613,1406132006,"Kasang Padang"
vill-1406132007,subd-140613,1406132007,"Kasang Mungai"
vill-1406142001,subd-140614,1406142001,"Pagaran Tapah"
vill-1406142002,subd-140614,1406142002,"Kembang Damai"
vill-1406142005,subd-140614,1406142005,"Sangkir Indah"
vill-1406152001,subd-140615,1406152001,"Kepenuhan Hulu"
vill-1406152002,subd-140615,1406152002,"Pekan Tebih"
vill-1406152003,subd-140615,1406152003,"Kepayang (Kepayan)"
vill-1406152004,subd-140615,1406152004,"Muara Jaya"
vill-1406152005,subd-140615,1406152005,"Kepenuhan Jaya"
vill-1406162001,subd-140616,1406162001,"Pendalian"
vill-1406162002,subd-140616,1406162002,"Bengkolan Salak"
vill-1406162003,subd-140616,1406162003,"Suligi"
vill-1406162004,subd-140616,1406162004,"Air Panas"
vill-1406162005,subd-140616,1406162005,"Sei Kandis"
vill-1408011001,subd-140801,1408011001,"Kampung Dalam"
vill-1408011002,subd-140801,1408011002,"Kampung Rempak"
vill-1408012003,subd-140801,1408012003,"Langkai"
vill-1408012011,subd-140801,1408012011,"Tumang"
vill-1408012012,subd-140801,1408012012,"Merempan Hulu"
vill-1408012013,subd-140801,1408012013,"Rawang Air Putih"
vill-1408012014,subd-140801,1408012014,"Suak Lanjut"
vill-1408012015,subd-140801,1408012015,"Buantan Besar"
vill-1408021001,subd-140802,1408021001,"Sungai Apit"
vill-1408022002,subd-140802,1408022002,"Teluk Lanus"
vill-1408022003,subd-140802,1408022003,"Tanjung Kuras"
vill-1408022004,subd-140802,1408022004,"Parit I/II"
vill-1408022005,subd-140802,1408022005,"Teluk Mesjid"
vill-1408022008,subd-140802,1408022008,"Sungai Kayu Ara"
vill-1408022009,subd-140802,1408022009,"Lalang"
vill-1408022010,subd-140802,1408022010,"Mengkapan"
vill-1408022011,subd-140802,1408022011,"Sungai Rawa"
vill-1408022012,subd-140802,1408022012,"Penyengat"
vill-1408022014,subd-140802,1408022014,"Teluk Batil"
vill-1408022016,subd-140802,1408022016,"Bungsur (Bunsur)"
vill-1408022017,subd-140802,1408022017,"Harapan"
vill-1408022019,subd-140802,1408022019,"Kayu Ara Permai"
vill-1408022020,subd-140802,1408022020,"Rawa Mekar Jaya"
vill-1408031001,subd-140803,1408031001,"Minas Jaya"
vill-1408032002,subd-140803,1408032002,"Minas Timur"
vill-1408032003,subd-140803,1408032003,"Minas Barat"
vill-1408032004,subd-140803,1408032004,"Mandi Angin"
vill-1408032005,subd-140803,1408032005,"Rantau Bertuah"
vill-1408041001,subd-140804,1408041001,"Perawang"
vill-1408042002,subd-140804,1408042002,"Tualang"
vill-1408042003,subd-140804,1408042003,"Pinang Sebatang"
vill-1408042004,subd-140804,1408042004,"Meredan"
vill-1408042005,subd-140804,1408042005,"Pinang Sebatang Timur"
vill-1408042006,subd-140804,1408042006,"Pinang Sebatang Barat"
vill-1408042007,subd-140804,1408042007,"Meredan Barat"
vill-1408042008,subd-140804,1408042008,"Perawang Barat"
vill-1408042009,subd-140804,1408042009,"Tualang Timur"
vill-1408052001,subd-140805,1408052001,"Muara Kelantan"
vill-1408052002,subd-140805,1408052002,"Teluk Lancang"
vill-1408052003,subd-140805,1408052003,"Sungai Selodang (Sungai Lodang)"
vill-1408052004,subd-140805,1408052004,"Olak"
vill-1408052005,subd-140805,1408052005,"Lubuk Jering"
vill-1408052006,subd-140805,1408052006,"Muara Bungkal"
vill-1408052007,subd-140805,1408052007,"Lubuk Umbut"
vill-1408052008,subd-140805,1408052008,"Bencah Umbai"
vill-1408052009,subd-140805,1408052009,"Tasik Betung"
vill-1408062001,subd-140806,1408062001,"Dayun"
vill-1408062002,subd-140806,1408062002,"Banjar Seminai"
vill-1408062003,subd-140806,1408062003,"Teluk Merbau"
vill-1408062004,subd-140806,1408062004,"Merangkai"
vill-1408062005,subd-140806,1408062005,"Lubuk Tilam (Lubuk Tilan)"
vill-1408062006,subd-140806,1408062006,"Berumbung Baru (Tilan)"
vill-1408062007,subd-140806,1408062007,"Pangkalan Makmur"
vill-1408062008,subd-140806,1408062008,"Buana Makmur"
vill-1408062009,subd-140806,1408062009,"Suka Mulia/Mulya"
vill-1408062010,subd-140806,1408062010,"Sawit Permai"
vill-1408062011,subd-140806,1408062011,"Sialang Sakti"
vill-1408072001,subd-140807,1408072001,"Kerinci Kanan"
vill-1408072002,subd-140807,1408072002,"Kerinci Kiri"
vill-1408072003,subd-140807,1408072003,"Buana Bakti/Bhakti"
vill-1408072004,subd-140807,1408072004,"Bukit Harapan"
vill-1408072005,subd-140807,1408072005,"Kumbara Utama"
vill-1408072006,subd-140807,1408072006,"Bukit Agung"
vill-1408072008,subd-140807,1408072008,"Simpang Perak Jaya"
vill-1408072009,subd-140807,1408072009,"Buatan Baru"
vill-1408072010,subd-140807,1408072010,"Gabung Makmur"
vill-1408072011,subd-140807,1408072011,"Jati Mulia/Mulya"
vill-1408072012,subd-140807,1408072012,"Seminai"
vill-1408072013,subd-140807,1408072013,"Delima Jaya"
vill-1408082001,subd-140808,1408082001,"Bunga Raya"
vill-1408082002,subd-140808,1408082002,"Jati Baru"
vill-1408082003,subd-140808,1408082003,"Jayapura (Jaya Pura)"
vill-1408082011,subd-140808,1408082011,"Kemuning Muda"
vill-1408082012,subd-140808,1408082012,"Buatan/Buantan Lestari"
vill-1408082013,subd-140808,1408082013,"Tuah Indrapura"
vill-1408082014,subd-140808,1408082014,"Langsat Permai"
vill-1408082015,subd-140808,1408082015,"Temusai"
vill-1408082016,subd-140808,1408082016,"Dayang Suri (Dayangsuri)"
vill-1408082017,subd-140808,1408082017,"Suak Merambai"
vill-1408092001,subd-140809,1408092001,"Pangkalan Pisang"
vill-1408092002,subd-140809,1408092002,"Kuala Gasib"
vill-1408092003,subd-140809,1408092003,"Teluk Rimba"
vill-1408092004,subd-140809,1408092004,"Buatan I"
vill-1408092005,subd-140809,1408092005,"Buatan II"
vill-1408092006,subd-140809,1408092006,"Sengkemang"
vill-1408092007,subd-140809,1408092007,"Rantau Panjang"
vill-1408092008,subd-140809,1408092008,"Empang Pandan"
vill-1408092009,subd-140809,1408092009,"Keranji Guguh"
vill-1408092010,subd-140809,1408092010,"Sri Gemilang"
vill-1408092011,subd-140809,1408092011,"Tasik Seminai"
vill-1408101001,subd-140810,1408101001,"Simpang Belutu"
vill-1408101002,subd-140810,1408101002,"Telaga Sam-Sam"
vill-1408101003,subd-140810,1408101003,"Kandis Kota"
vill-1408102004,subd-140810,1408102004,"Belutu"
vill-1408102005,subd-140810,1408102005,"Kandis"
vill-1408102006,subd-140810,1408102006,"Sam Sam"
vill-1408102007,subd-140810,1408102007,"Bekalar"
vill-1408102008,subd-140810,1408102008,"Jambai Makmur"
vill-1408102009,subd-140810,1408102009,"Sungai Gondang"
vill-1408102010,subd-140810,1408102010,"Pencing Bekuto"
vill-1408102011,subd-140810,1408102011,"Libo Jaya"
vill-1408112001,subd-140811,1408112001,"Lubuk Dalam"
vill-1408112002,subd-140811,1408112002,"Rawang Kao"
vill-1408112003,subd-140811,1408112003,"Sri Gading"
vill-1408112004,subd-140811,1408112004,"Sialang Baru"
vill-1408112005,subd-140811,1408112005,"Sialang Palas"
vill-1408112006,subd-140811,1408112006,"Empang Baru"
vill-1408112007,subd-140811,1408112007,"Rawang Kao Barat"
vill-1408122001,subd-140812,1408122001,"Bandar Sungai"
vill-1408122002,subd-140812,1408122002,"Rempak"
vill-1408122003,subd-140812,1408122003,"Belading"
vill-1408122004,subd-140812,1408122004,"Sungai Tengah"
vill-1408122005,subd-140812,1408122005,"Laksamana"
vill-1408122006,subd-140812,1408122006,"Sabak Permai"
vill-1408122007,subd-140812,1408122007,"Bandar Pedada"
vill-1408122008,subd-140812,1408122008,"Selat Guntung"
vill-1408131006,subd-140813,1408131006,"Sungaimempura (Sungai Mempura)"
vill-1408132001,subd-140813,1408132001,"Kota Ringin"
vill-1408132002,subd-140813,1408132002,"Paluh"
vill-1408132003,subd-140813,1408132003,"Benteng Hilir"
vill-1408132004,subd-140813,1408132004,"Benteng Hulu"
vill-1408132005,subd-140813,1408132005,"Kampung Tengah"
vill-1408132007,subd-140813,1408132007,"Merempan Hilir"
vill-1408132008,subd-140813,1408132008,"Telukmerempan (Teluk Merempan)"
vill-1408142001,subd-140814,1408142001,"Sungai Berbari"
vill-1408142002,subd-140814,1408142002,"Sungai Limau"
vill-1408142003,subd-140814,1408142003,"Dosan"
vill-1408142004,subd-140814,1408142004,"Benayah"
vill-1408142005,subd-140814,1408142005,"Pebadaran"
vill-1408142006,subd-140814,1408142006,"Dusun Pusaka"
vill-1408142007,subd-140814,1408142007,"Perincit"
